timestamp,elapsed,errors,ops_inst,ops_cum,avg_ms,p50_ms,p95_ms,p99_ms,pMax_ms,txn_type,warehouses,concurrency,duration,log_file,hist_file
2026-09-05T15:24:13Z,1.0s,0,0.0,0.0,,0.0,0.0,0.0,0.0,delivery,4,50,1m,/home/evan/workload-results/tpcc-20260905T152303Z.log,/home/evan/workload-results/tpcc-20260905T152303Z.hist.json
2026-09-05T15:24:13Z,1.0s,0,0.0,0.0,,0.0,0.0,0.0,0.0,newOrder,4,50,1m,/home/evan/workload-results/tpcc-20260905T152303Z.log,/home/evan/workload-results/tpcc-20260905T152303Z.hist.json
2026-09-05T15:24:13Z,1.0s,0,0.0,0.0,,0.0,0.0,0.0,0.0,orderStatus,4,50,1m,/home/evan/workload-results/tpcc-20260905T152303Z.log,/home/evan/workload-results/tpcc-20260905T152303Z.hist.json
2026-09-05T15:24:13Z,1.0s,0,0.0,0.0,,0.0,0.0,0.0,0.0,payment,4,50,1m,/home/evan/workload-results/tpcc-20260905T152303Z.log,/home/evan/workload-results/tpcc-20260905T152303Z.hist.json
2026-09-05T15:24:13Z,1.0s,0,0.0,0.0,,0.0,0.0,0.0,0.0,stockLevel,4,50,1m,/home/evan/workload-results/tpcc-20260905T152303Z.log,/home/evan/workload-results/tpcc-20260905T152303Z.hist.json
2026-09-05T15:24:13Z,2.0s,0,0.0,0.0,,0.0,0.0,0.0,0.0,delivery,4,50,1m,/home/evan/workload-results/tpcc-20260905T152303Z.log,/home/evan/workload-results/tpcc-20260905T152303Z.hist.json
2026-09-05T15:24:13Z,2.0s,0,0.0,0.0,,0.0,0.0,0.0,0.0,newOrder,4,50,1m,/home/evan/workload-results/tpcc-20260905T152303Z.log,/home/evan/workload-results/tpcc-20260905T152303Z.hist.json
2026-09-05T15:24:13Z,2.0s,0,0.0,0.0,,0.0,0.0,0.0,0.0,orderStatus,4,50,1m,/home/evan/workload-results/tpcc-20260905T152303Z.log,/home/evan/workload-results/tpcc-20260905T152303Z.hist.json
2026-09-05T15:24:13Z,2.0s,0,0.0,0.0,,0.0,0.0,0.0,0.0,payment,4,50,1m,/home/evan/workload-results/tpcc-20260905T152303Z.log,/home/evan/workload-results/tpcc-20260905T152303Z.hist.json
2026-09-05T15:24:13Z,2.0s,0,0.0,0.0,,0.0,0.0,0.0,0.0,stockLevel,4,50,1m,/home/evan/workload-results/tpcc-20260905T152303Z.log,/home/evan/workload-results/tpcc-20260905T152303Z.hist.json
2026-09-05T15:24:13Z,3.0s,0,2.0,0.7,,1006.6,1006.6,1006.6,1006.6,delivery,4,50,1m,/home/evan/workload-results/tpcc-20260905T152303Z.log,/home/evan/workload-results/tpcc-20260905T152303Z.hist.json
2026-09-05T15:24:13Z,3.0s,0,0.0,0.0,,0.0,0.0,0.0,0.0,newOrder,4,50,1m,/home/evan/workload-results/tpcc-20260905T152303Z.log,/home/evan/workload-results/tpcc-20260905T152303Z.hist.json
2026-09-05T15:24:13Z,3.0s,0,2.0,0.7,,167.8,167.8,167.8,167.8,orderStatus,4,50,1m,/home/evan/workload-results/tpcc-20260905T152303Z.log,/home/evan/workload-results/tpcc-20260905T152303Z.hist.json
2026-09-05T15:24:13Z,3.0s,0,0.0,0.0,,0.0,0.0,0.0,0.0,payment,4,50,1m,/home/evan/workload-results/tpcc-20260905T152303Z.log,/home/evan/workload-results/tpcc-20260905T152303Z.hist.json
2026-09-05T15:24:13Z,3.0s,0,2.0,0.7,,167.8,176.2,176.2,176.2,stockLevel,4,50,1m,/home/evan/workload-results/tpcc-20260905T152303Z.log,/home/evan/workload-results/tpcc-20260905T152303Z.hist.json
2026-09-05T15:24:13Z,4.0s,0,1.0,0.7,,1946.2,1946.2,1946.2,1946.2,delivery,4,50,1m,/home/evan/workload-results/tpcc-20260905T152303Z.log,/home/evan/workload-results/tpcc-20260905T152303Z.hist.json
2026-09-05T15:24:13Z,4.0s,0,0.0,0.0,,0.0,0.0,0.0,0.0,newOrder,4,50,1m,/home/evan/workload-results/tpcc-20260905T152303Z.log,/home/evan/workload-results/tpcc-20260905T152303Z.hist.json
2026-09-05T15:24:13Z,4.0s,0,0.0,0.5,,0.0,0.0,0.0,0.0,orderStatus,4,50,1m,/home/evan/workload-results/tpcc-20260905T152303Z.log,/home/evan/workload-results/tpcc-20260905T152303Z.hist.json
2026-09-05T15:24:13Z,4.0s,0,11.0,2.7,,570.4,805.3,872.4,872.4,payment,4,50,1m,/home/evan/workload-results/tpcc-20260905T152303Z.log,/home/evan/workload-results/tpcc-20260905T152303Z.hist.json
2026-09-05T15:24:13Z,4.0s,0,0.0,0.5,,0.0,0.0,0.0,0.0,stockLevel,4,50,1m,/home/evan/workload-results/tpcc-20260905T152303Z.log,/home/evan/workload-results/tpcc-20260905T152303Z.hist.json
2026-09-05T15:24:13Z,5.0s,0,1.0,0.8,,2818.6,2818.6,2818.6,2818.6,delivery,4,50,1m,/home/evan/workload-results/tpcc-20260905T152303Z.log,/home/evan/workload-results/tpcc-20260905T152303Z.hist.json
2026-09-05T15:24:13Z,5.0s,0,0.0,0.0,,0.0,0.0,0.0,0.0,newOrder,4,50,1m,/home/evan/workload-results/tpcc-20260905T152303Z.log,/home/evan/workload-results/tpcc-20260905T152303Z.hist.json
2026-09-05T15:24:13Z,5.0s,0,0.0,0.4,,0.0,0.0,0.0,0.0,orderStatus,4,50,1m,/home/evan/workload-results/tpcc-20260905T152303Z.log,/home/evan/workload-results/tpcc-20260905T152303Z.hist.json
2026-09-05T15:24:13Z,5.0s,0,3.0,2.8,,1140.9,1342.2,1342.2,1342.2,payment,4,50,1m,/home/evan/workload-results/tpcc-20260905T152303Z.log,/home/evan/workload-results/tpcc-20260905T152303Z.hist.json
2026-09-05T15:24:13Z,5.0s,0,0.0,0.4,,0.0,0.0,0.0,0.0,stockLevel,4,50,1m,/home/evan/workload-results/tpcc-20260905T152303Z.log,/home/evan/workload-results/tpcc-20260905T152303Z.hist.json
2026-09-05T15:24:13Z,6.0s,0,0.0,0.7,,0.0,0.0,0.0,0.0,delivery,4,50,1m,/home/evan/workload-results/tpcc-20260905T152303Z.log,/home/evan/workload-results/tpcc-20260905T152303Z.hist.json
2026-09-05T15:24:13Z,6.0s,0,0.0,0.0,,0.0,0.0,0.0,0.0,newOrder,4,50,1m,/home/evan/workload-results/tpcc-20260905T152303Z.log,/home/evan/workload-results/tpcc-20260905T152303Z.hist.json
2026-09-05T15:24:13Z,6.0s,0,1.0,0.5,,142.6,142.6,142.6,142.6,orderStatus,4,50,1m,/home/evan/workload-results/tpcc-20260905T152303Z.log,/home/evan/workload-results/tpcc-20260905T152303Z.hist.json
2026-09-05T15:24:13Z,6.0s,0,0.0,2.3,,0.0,0.0,0.0,0.0,payment,4,50,1m,/home/evan/workload-results/tpcc-20260905T152303Z.log,/home/evan/workload-results/tpcc-20260905T152303Z.hist.json
2026-09-05T15:24:13Z,6.0s,0,0.0,0.3,,0.0,0.0,0.0,0.0,stockLevel,4,50,1m,/home/evan/workload-results/tpcc-20260905T152303Z.log,/home/evan/workload-results/tpcc-20260905T152303Z.hist.json
2026-09-05T15:24:13Z,7.0s,0,0.0,0.6,,0.0,0.0,0.0,0.0,delivery,4,50,1m,/home/evan/workload-results/tpcc-20260905T152303Z.log,/home/evan/workload-results/tpcc-20260905T152303Z.hist.json
2026-09-05T15:24:13Z,7.0s,0,0.0,0.0,,0.0,0.0,0.0,0.0,newOrder,4,50,1m,/home/evan/workload-results/tpcc-20260905T152303Z.log,/home/evan/workload-results/tpcc-20260905T152303Z.hist.json
2026-09-05T15:24:13Z,7.0s,0,0.0,0.4,,0.0,0.0,0.0,0.0,orderStatus,4,50,1m,/home/evan/workload-results/tpcc-20260905T152303Z.log,/home/evan/workload-results/tpcc-20260905T152303Z.hist.json
2026-09-05T15:24:13Z,7.0s,0,0.0,2.0,,0.0,0.0,0.0,0.0,payment,4,50,1m,/home/evan/workload-results/tpcc-20260905T152303Z.log,/home/evan/workload-results/tpcc-20260905T152303Z.hist.json
2026-09-05T15:24:13Z,7.0s,0,1.0,0.4,,117.4,117.4,117.4,117.4,stockLevel,4,50,1m,/home/evan/workload-results/tpcc-20260905T152303Z.log,/home/evan/workload-results/tpcc-20260905T152303Z.hist.json
2026-09-05T15:24:13Z,8.0s,0,0.0,0.5,,0.0,0.0,0.0,0.0,delivery,4,50,1m,/home/evan/workload-results/tpcc-20260905T152303Z.log,/home/evan/workload-results/tpcc-20260905T152303Z.hist.json
2026-09-05T15:24:13Z,8.0s,0,0.0,0.0,,0.0,0.0,0.0,0.0,newOrder,4,50,1m,/home/evan/workload-results/tpcc-20260905T152303Z.log,/home/evan/workload-results/tpcc-20260905T152303Z.hist.json
2026-09-05T15:24:13Z,8.0s,0,1.0,0.5,,142.6,142.6,142.6,142.6,orderStatus,4,50,1m,/home/evan/workload-results/tpcc-20260905T152303Z.log,/home/evan/workload-results/tpcc-20260905T152303Z.hist.json
2026-09-05T15:24:13Z,8.0s,0,2.0,2.0,,243.3,285.2,285.2,285.2,payment,4,50,1m,/home/evan/workload-results/tpcc-20260905T152303Z.log,/home/evan/workload-results/tpcc-20260905T152303Z.hist.json
2026-09-05T15:24:13Z,8.0s,0,0.0,0.4,,0.0,0.0,0.0,0.0,stockLevel,4,50,1m,/home/evan/workload-results/tpcc-20260905T152303Z.log,/home/evan/workload-results/tpcc-20260905T152303Z.hist.json
2026-09-05T15:24:13Z,9.0s,0,0.0,0.4,,0.0,0.0,0.0,0.0,delivery,4,50,1m,/home/evan/workload-results/tpcc-20260905T152303Z.log,/home/evan/workload-results/tpcc-20260905T152303Z.hist.json
2026-09-05T15:24:13Z,9.0s,0,0.0,0.0,,0.0,0.0,0.0,0.0,newOrder,4,50,1m,/home/evan/workload-results/tpcc-20260905T152303Z.log,/home/evan/workload-results/tpcc-20260905T152303Z.hist.json
2026-09-05T15:24:13Z,9.0s,0,0.0,0.4,,0.0,0.0,0.0,0.0,orderStatus,4,50,1m,/home/evan/workload-results/tpcc-20260905T152303Z.log,/home/evan/workload-results/tpcc-20260905T152303Z.hist.json
2026-09-05T15:24:13Z,9.0s,0,0.0,1.8,,0.0,0.0,0.0,0.0,payment,4,50,1m,/home/evan/workload-results/tpcc-20260905T152303Z.log,/home/evan/workload-results/tpcc-20260905T152303Z.hist.json
2026-09-05T15:24:14Z,9.0s,0,0.0,0.3,,0.0,0.0,0.0,0.0,stockLevel,4,50,1m,/home/evan/workload-results/tpcc-20260905T152303Z.log,/home/evan/workload-results/tpcc-20260905T152303Z.hist.json
2026-09-05T15:24:14Z,10.0s,0,0.0,0.4,,0.0,0.0,0.0,0.0,delivery,4,50,1m,/home/evan/workload-results/tpcc-20260905T152303Z.log,/home/evan/workload-results/tpcc-20260905T152303Z.hist.json
2026-09-05T15:24:14Z,10.0s,0,0.0,0.0,,0.0,0.0,0.0,0.0,newOrder,4,50,1m,/home/evan/workload-results/tpcc-20260905T152303Z.log,/home/evan/workload-results/tpcc-20260905T152303Z.hist.json
2026-09-05T15:24:14Z,10.0s,0,0.0,0.4,,0.0,0.0,0.0,0.0,orderStatus,4,50,1m,/home/evan/workload-results/tpcc-20260905T152303Z.log,/home/evan/workload-results/tpcc-20260905T152303Z.hist.json
2026-09-05T15:24:14Z,10.0s,0,0.0,1.6,,0.0,0.0,0.0,0.0,payment,4,50,1m,/home/evan/workload-results/tpcc-20260905T152303Z.log,/home/evan/workload-results/tpcc-20260905T152303Z.hist.json
2026-09-05T15:24:14Z,10.0s,0,0.0,0.3,,0.0,0.0,0.0,0.0,stockLevel,4,50,1m,/home/evan/workload-results/tpcc-20260905T152303Z.log,/home/evan/workload-results/tpcc-20260905T152303Z.hist.json
2026-09-05T15:24:14Z,11.0s,0,0.0,0.4,,0.0,0.0,0.0,0.0,delivery,4,50,1m,/home/evan/workload-results/tpcc-20260905T152303Z.log,/home/evan/workload-results/tpcc-20260905T152303Z.hist.json
2026-09-05T15:24:14Z,11.0s,0,0.0,0.0,,0.0,0.0,0.0,0.0,newOrder,4,50,1m,/home/evan/workload-results/tpcc-20260905T152303Z.log,/home/evan/workload-results/tpcc-20260905T152303Z.hist.json
2026-09-05T15:24:14Z,11.0s,0,0.0,0.4,,0.0,0.0,0.0,0.0,orderStatus,4,50,1m,/home/evan/workload-results/tpcc-20260905T152303Z.log,/home/evan/workload-results/tpcc-20260905T152303Z.hist.json
2026-09-05T15:24:14Z,11.0s,0,0.0,1.5,,0.0,0.0,0.0,0.0,payment,4,50,1m,/home/evan/workload-results/tpcc-20260905T152303Z.log,/home/evan/workload-results/tpcc-20260905T152303Z.hist.json
2026-09-05T15:24:14Z,11.0s,0,0.0,0.3,,0.0,0.0,0.0,0.0,stockLevel,4,50,1m,/home/evan/workload-results/tpcc-20260905T152303Z.log,/home/evan/workload-results/tpcc-20260905T152303Z.hist.json
2026-09-05T15:24:14Z,12.0s,0,0.0,0.3,,0.0,0.0,0.0,0.0,delivery,4,50,1m,/home/evan/workload-results/tpcc-20260905T152303Z.log,/home/evan/workload-results/tpcc-20260905T152303Z.hist.json
2026-09-05T15:24:14Z,12.0s,0,0.0,0.0,,0.0,0.0,0.0,0.0,newOrder,4,50,1m,/home/evan/workload-results/tpcc-20260905T152303Z.log,/home/evan/workload-results/tpcc-20260905T152303Z.hist.json
2026-09-05T15:24:14Z,12.0s,0,0.0,0.3,,0.0,0.0,0.0,0.0,orderStatus,4,50,1m,/home/evan/workload-results/tpcc-20260905T152303Z.log,/home/evan/workload-results/tpcc-20260905T152303Z.hist.json
2026-09-05T15:24:14Z,12.0s,0,0.0,1.3,,0.0,0.0,0.0,0.0,payment,4,50,1m,/home/evan/workload-results/tpcc-20260905T152303Z.log,/home/evan/workload-results/tpcc-20260905T152303Z.hist.json
2026-09-05T15:24:14Z,12.0s,0,0.0,0.2,,0.0,0.0,0.0,0.0,stockLevel,4,50,1m,/home/evan/workload-results/tpcc-20260905T152303Z.log,/home/evan/workload-results/tpcc-20260905T152303Z.hist.json
2026-09-05T15:24:14Z,13.0s,0,0.0,0.3,,0.0,0.0,0.0,0.0,delivery,4,50,1m,/home/evan/workload-results/tpcc-20260905T152303Z.log,/home/evan/workload-results/tpcc-20260905T152303Z.hist.json
2026-09-05T15:24:14Z,13.0s,0,0.0,0.0,,0.0,0.0,0.0,0.0,newOrder,4,50,1m,/home/evan/workload-results/tpcc-20260905T152303Z.log,/home/evan/workload-results/tpcc-20260905T152303Z.hist.json
2026-09-05T15:24:14Z,13.0s,0,0.0,0.3,,0.0,0.0,0.0,0.0,orderStatus,4,50,1m,/home/evan/workload-results/tpcc-20260905T152303Z.log,/home/evan/workload-results/tpcc-20260905T152303Z.hist.json
2026-09-05T15:24:14Z,13.0s,0,0.0,1.2,,0.0,0.0,0.0,0.0,payment,4,50,1m,/home/evan/workload-results/tpcc-20260905T152303Z.log,/home/evan/workload-results/tpcc-20260905T152303Z.hist.json
2026-09-05T15:24:14Z,13.0s,0,0.0,0.2,,0.0,0.0,0.0,0.0,stockLevel,4,50,1m,/home/evan/workload-results/tpcc-20260905T152303Z.log,/home/evan/workload-results/tpcc-20260905T152303Z.hist.json
2026-09-05T15:24:14Z,14.0s,0,0.0,0.3,,0.0,0.0,0.0,0.0,delivery,4,50,1m,/home/evan/workload-results/tpcc-20260905T152303Z.log,/home/evan/workload-results/tpcc-20260905T152303Z.hist.json
2026-09-05T15:24:14Z,14.0s,0,0.0,0.0,,0.0,0.0,0.0,0.0,newOrder,4,50,1m,/home/evan/workload-results/tpcc-20260905T152303Z.log,/home/evan/workload-results/tpcc-20260905T152303Z.hist.json
2026-09-05T15:24:14Z,14.0s,0,0.0,0.3,,0.0,0.0,0.0,0.0,orderStatus,4,50,1m,/home/evan/workload-results/tpcc-20260905T152303Z.log,/home/evan/workload-results/tpcc-20260905T152303Z.hist.json
2026-09-05T15:24:14Z,14.0s,0,1.0,1.2,,318.8,318.8,318.8,318.8,payment,4,50,1m,/home/evan/workload-results/tpcc-20260905T152303Z.log,/home/evan/workload-results/tpcc-20260905T152303Z.hist.json
2026-09-05T15:24:14Z,14.0s,0,0.0,0.2,,0.0,0.0,0.0,0.0,stockLevel,4,50,1m,/home/evan/workload-results/tpcc-20260905T152303Z.log,/home/evan/workload-results/tpcc-20260905T152303Z.hist.json
2026-09-05T15:24:14Z,15.0s,0,0.0,0.3,,0.0,0.0,0.0,0.0,delivery,4,50,1m,/home/evan/workload-results/tpcc-20260905T152303Z.log,/home/evan/workload-results/tpcc-20260905T152303Z.hist.json
2026-09-05T15:24:14Z,15.0s,0,0.0,0.0,,0.0,0.0,0.0,0.0,newOrder,4,50,1m,/home/evan/workload-results/tpcc-20260905T152303Z.log,/home/evan/workload-results/tpcc-20260905T152303Z.hist.json
2026-09-05T15:24:14Z,15.0s,0,0.0,0.3,,0.0,0.0,0.0,0.0,orderStatus,4,50,1m,/home/evan/workload-results/tpcc-20260905T152303Z.log,/home/evan/workload-results/tpcc-20260905T152303Z.hist.json
2026-09-05T15:24:14Z,15.0s,0,1.0,1.2,,285.2,285.2,285.2,285.2,payment,4,50,1m,/home/evan/workload-results/tpcc-20260905T152303Z.log,/home/evan/workload-results/tpcc-20260905T152303Z.hist.json
2026-09-05T15:24:14Z,15.0s,0,0.0,0.2,,0.0,0.0,0.0,0.0,stockLevel,4,50,1m,/home/evan/workload-results/tpcc-20260905T152303Z.log,/home/evan/workload-results/tpcc-20260905T152303Z.hist.json
2026-09-05T15:24:14Z,16.0s,0,0.0,0.2,,0.0,0.0,0.0,0.0,delivery,4,50,1m,/home/evan/workload-results/tpcc-20260905T152303Z.log,/home/evan/workload-results/tpcc-20260905T152303Z.hist.json
2026-09-05T15:24:14Z,16.0s,0,0.0,0.0,,0.0,0.0,0.0,0.0,newOrder,4,50,1m,/home/evan/workload-results/tpcc-20260905T152303Z.log,/home/evan/workload-results/tpcc-20260905T152303Z.hist.json
2026-09-05T15:24:14Z,16.0s,0,0.0,0.2,,0.0,0.0,0.0,0.0,orderStatus,4,50,1m,/home/evan/workload-results/tpcc-20260905T152303Z.log,/home/evan/workload-results/tpcc-20260905T152303Z.hist.json
2026-09-05T15:24:14Z,16.0s,0,1.0,1.2,,385.9,385.9,385.9,385.9,payment,4,50,1m,/home/evan/workload-results/tpcc-20260905T152303Z.log,/home/evan/workload-results/tpcc-20260905T152303Z.hist.json
2026-09-05T15:24:14Z,16.0s,0,0.0,0.2,,0.0,0.0,0.0,0.0,stockLevel,4,50,1m,/home/evan/workload-results/tpcc-20260905T152303Z.log,/home/evan/workload-results/tpcc-20260905T152303Z.hist.json
2026-09-05T15:24:14Z,17.0s,0,0.0,0.2,,0.0,0.0,0.0,0.0,delivery,4,50,1m,/home/evan/workload-results/tpcc-20260905T152303Z.log,/home/evan/workload-results/tpcc-20260905T152303Z.hist.json
2026-09-05T15:24:14Z,17.0s,0,0.0,0.0,,0.0,0.0,0.0,0.0,newOrder,4,50,1m,/home/evan/workload-results/tpcc-20260905T152303Z.log,/home/evan/workload-results/tpcc-20260905T152303Z.hist.json
2026-09-05T15:24:14Z,17.0s,0,0.0,0.2,,0.0,0.0,0.0,0.0,orderStatus,4,50,1m,/home/evan/workload-results/tpcc-20260905T152303Z.log,/home/evan/workload-results/tpcc-20260905T152303Z.hist.json
2026-09-05T15:24:14Z,17.0s,0,0.0,1.1,,0.0,0.0,0.0,0.0,payment,4,50,1m,/home/evan/workload-results/tpcc-20260905T152303Z.log,/home/evan/workload-results/tpcc-20260905T152303Z.hist.json
2026-09-05T15:24:14Z,17.0s,0,0.0,0.2,,0.0,0.0,0.0,0.0,stockLevel,4,50,1m,/home/evan/workload-results/tpcc-20260905T152303Z.log,/home/evan/workload-results/tpcc-20260905T152303Z.hist.json
2026-09-05T15:24:14Z,18.0s,0,0.0,0.2,,0.0,0.0,0.0,0.0,delivery,4,50,1m,/home/evan/workload-results/tpcc-20260905T152303Z.log,/home/evan/workload-results/tpcc-20260905T152303Z.hist.json
2026-09-05T15:24:14Z,18.0s,0,0.0,0.0,,0.0,0.0,0.0,0.0,newOrder,4,50,1m,/home/evan/workload-results/tpcc-20260905T152303Z.log,/home/evan/workload-results/tpcc-20260905T152303Z.hist.json
2026-09-05T15:24:14Z,18.0s,0,0.0,0.2,,0.0,0.0,0.0,0.0,orderStatus,4,50,1m,/home/evan/workload-results/tpcc-20260905T152303Z.log,/home/evan/workload-results/tpcc-20260905T152303Z.hist.json
2026-09-05T15:24:14Z,18.0s,0,0.0,1.1,,0.0,0.0,0.0,0.0,payment,4,50,1m,/home/evan/workload-results/tpcc-20260905T152303Z.log,/home/evan/workload-results/tpcc-20260905T152303Z.hist.json
2026-09-05T15:24:14Z,18.0s,0,0.0,0.2,,0.0,0.0,0.0,0.0,stockLevel,4,50,1m,/home/evan/workload-results/tpcc-20260905T152303Z.log,/home/evan/workload-results/tpcc-20260905T152303Z.hist.json
2026-09-05T15:24:14Z,19.0s,0,0.0,0.2,,0.0,0.0,0.0,0.0,delivery,4,50,1m,/home/evan/workload-results/tpcc-20260905T152303Z.log,/home/evan/workload-results/tpcc-20260905T152303Z.hist.json
2026-09-05T15:24:14Z,19.0s,0,14.0,0.7,,536.9,1006.6,1006.6,1006.6,newOrder,4,50,1m,/home/evan/workload-results/tpcc-20260905T152303Z.log,/home/evan/workload-results/tpcc-20260905T152303Z.hist.json
2026-09-05T15:24:14Z,19.0s,0,0.0,0.2,,0.0,0.0,0.0,0.0,orderStatus,4,50,1m,/home/evan/workload-results/tpcc-20260905T152303Z.log,/home/evan/workload-results/tpcc-20260905T152303Z.hist.json
2026-09-05T15:24:14Z,19.0s,0,0.0,1.0,,0.0,0.0,0.0,0.0,payment,4,50,1m,/home/evan/workload-results/tpcc-20260905T152303Z.log,/home/evan/workload-results/tpcc-20260905T152303Z.hist.json
2026-09-05T15:24:14Z,19.0s,0,0.0,0.2,,0.0,0.0,0.0,0.0,stockLevel,4,50,1m,/home/evan/workload-results/tpcc-20260905T152303Z.log,/home/evan/workload-results/tpcc-20260905T152303Z.hist.json
2026-09-05T15:24:14Z,20.0s,0,0.0,0.2,,0.0,0.0,0.0,0.0,delivery,4,50,1m,/home/evan/workload-results/tpcc-20260905T152303Z.log,/home/evan/workload-results/tpcc-20260905T152303Z.hist.json
2026-09-05T15:24:14Z,20.0s,0,4.0,0.9,,1409.3,1476.4,1476.4,1476.4,newOrder,4,50,1m,/home/evan/workload-results/tpcc-20260905T152303Z.log,/home/evan/workload-results/tpcc-20260905T152303Z.hist.json
2026-09-05T15:24:14Z,20.0s,0,0.0,0.2,,0.0,0.0,0.0,0.0,orderStatus,4,50,1m,/home/evan/workload-results/tpcc-20260905T152303Z.log,/home/evan/workload-results/tpcc-20260905T152303Z.hist.json
2026-09-05T15:24:14Z,20.0s,0,1.0,1.0,,973.1,973.1,973.1,973.1,payment,4,50,1m,/home/evan/workload-results/tpcc-20260905T152303Z.log,/home/evan/workload-results/tpcc-20260905T152303Z.hist.json
2026-09-05T15:24:14Z,20.0s,0,0.0,0.1,,0.0,0.0,0.0,0.0,stockLevel,4,50,1m,/home/evan/workload-results/tpcc-20260905T152303Z.log,/home/evan/workload-results/tpcc-20260905T152303Z.hist.json
2026-09-05T15:24:14Z,21.0s,0,0.0,0.2,,0.0,0.0,0.0,0.0,delivery,4,50,1m,/home/evan/workload-results/tpcc-20260905T152303Z.log,/home/evan/workload-results/tpcc-20260905T152303Z.hist.json
2026-09-05T15:24:14Z,21.0s,0,0.0,0.9,,0.0,0.0,0.0,0.0,newOrder,4,50,1m,/home/evan/workload-results/tpcc-20260905T152303Z.log,/home/evan/workload-results/tpcc-20260905T152303Z.hist.json
2026-09-05T15:24:14Z,21.0s,0,1.0,0.2,,142.6,142.6,142.6,142.6,orderStatus,4,50,1m,/home/evan/workload-results/tpcc-20260905T152303Z.log,/home/evan/workload-results/tpcc-20260905T152303Z.hist.json
2026-09-05T15:24:14Z,21.0s,0,0.0,1.0,,0.0,0.0,0.0,0.0,payment,4,50,1m,/home/evan/workload-results/tpcc-20260905T152303Z.log,/home/evan/workload-results/tpcc-20260905T152303Z.hist.json
2026-09-05T15:24:14Z,21.0s,0,0.0,0.1,,0.0,0.0,0.0,0.0,stockLevel,4,50,1m,/home/evan/workload-results/tpcc-20260905T152303Z.log,/home/evan/workload-results/tpcc-20260905T152303Z.hist.json
2026-09-05T15:24:14Z,22.0s,0,0.0,0.2,,0.0,0.0,0.0,0.0,delivery,4,50,1m,/home/evan/workload-results/tpcc-20260905T152303Z.log,/home/evan/workload-results/tpcc-20260905T152303Z.hist.json
2026-09-05T15:24:14Z,22.0s,0,1.0,0.9,,453.0,453.0,453.0,453.0,newOrder,4,50,1m,/home/evan/workload-results/tpcc-20260905T152303Z.log,/home/evan/workload-results/tpcc-20260905T152303Z.hist.json
2026-09-05T15:24:14Z,22.0s,0,0.0,0.2,,0.0,0.0,0.0,0.0,orderStatus,4,50,1m,/home/evan/workload-results/tpcc-20260905T152303Z.log,/home/evan/workload-results/tpcc-20260905T152303Z.hist.json
2026-09-05T15:24:14Z,22.0s,0,1.0,1.0,,243.3,243.3,243.3,243.3,payment,4,50,1m,/home/evan/workload-results/tpcc-20260905T152303Z.log,/home/evan/workload-results/tpcc-20260905T152303Z.hist.json
2026-09-05T15:24:14Z,22.0s,0,0.0,0.1,,0.0,0.0,0.0,0.0,stockLevel,4,50,1m,/home/evan/workload-results/tpcc-20260905T152303Z.log,/home/evan/workload-results/tpcc-20260905T152303Z.hist.json
2026-09-05T15:24:14Z,23.0s,0,0.0,0.2,,0.0,0.0,0.0,0.0,delivery,4,50,1m,/home/evan/workload-results/tpcc-20260905T152303Z.log,/home/evan/workload-results/tpcc-20260905T152303Z.hist.json
2026-09-05T15:24:14Z,23.0s,0,0.0,0.8,,0.0,0.0,0.0,0.0,newOrder,4,50,1m,/home/evan/workload-results/tpcc-20260905T152303Z.log,/home/evan/workload-results/tpcc-20260905T152303Z.hist.json
2026-09-05T15:24:14Z,23.0s,0,0.0,0.2,,0.0,0.0,0.0,0.0,orderStatus,4,50,1m,/home/evan/workload-results/tpcc-20260905T152303Z.log,/home/evan/workload-results/tpcc-20260905T152303Z.hist.json
2026-09-05T15:24:14Z,23.0s,0,0.0,0.9,,0.0,0.0,0.0,0.0,payment,4,50,1m,/home/evan/workload-results/tpcc-20260905T152303Z.log,/home/evan/workload-results/tpcc-20260905T152303Z.hist.json
2026-09-05T15:24:14Z,23.0s,0,0.0,0.1,,0.0,0.0,0.0,0.0,stockLevel,4,50,1m,/home/evan/workload-results/tpcc-20260905T152303Z.log,/home/evan/workload-results/tpcc-20260905T152303Z.hist.json
2026-09-05T15:24:14Z,24.0s,0,0.0,0.2,,0.0,0.0,0.0,0.0,delivery,4,50,1m,/home/evan/workload-results/tpcc-20260905T152303Z.log,/home/evan/workload-results/tpcc-20260905T152303Z.hist.json
2026-09-05T15:24:14Z,24.0s,0,3.0,0.9,,469.8,469.8,469.8,469.8,newOrder,4,50,1m,/home/evan/workload-results/tpcc-20260905T152303Z.log,/home/evan/workload-results/tpcc-20260905T152303Z.hist.json
2026-09-05T15:24:14Z,24.0s,0,0.0,0.2,,0.0,0.0,0.0,0.0,orderStatus,4,50,1m,/home/evan/workload-results/tpcc-20260905T152303Z.log,/home/evan/workload-results/tpcc-20260905T152303Z.hist.json
2026-09-05T15:24:14Z,24.0s,0,0.0,0.9,,0.0,0.0,0.0,0.0,payment,4,50,1m,/home/evan/workload-results/tpcc-20260905T152303Z.log,/home/evan/workload-results/tpcc-20260905T152303Z.hist.json
2026-09-05T15:24:14Z,24.0s,0,0.0,0.1,,0.0,0.0,0.0,0.0,stockLevel,4,50,1m,/home/evan/workload-results/tpcc-20260905T152303Z.log,/home/evan/workload-results/tpcc-20260905T152303Z.hist.json
2026-09-05T15:24:14Z,25.0s,0,0.0,0.2,,0.0,0.0,0.0,0.0,delivery,4,50,1m,/home/evan/workload-results/tpcc-20260905T152303Z.log,/home/evan/workload-results/tpcc-20260905T152303Z.hist.json
2026-09-05T15:24:14Z,25.0s,0,1.0,0.9,,453.0,453.0,453.0,453.0,newOrder,4,50,1m,/home/evan/workload-results/tpcc-20260905T152303Z.log,/home/evan/workload-results/tpcc-20260905T152303Z.hist.json
2026-09-05T15:24:14Z,25.0s,0,0.0,0.2,,0.0,0.0,0.0,0.0,orderStatus,4,50,1m,/home/evan/workload-results/tpcc-20260905T152303Z.log,/home/evan/workload-results/tpcc-20260905T152303Z.hist.json
2026-09-05T15:24:14Z,25.0s,0,0.0,0.8,,0.0,0.0,0.0,0.0,payment,4,50,1m,/home/evan/workload-results/tpcc-20260905T152303Z.log,/home/evan/workload-results/tpcc-20260905T152303Z.hist.json
2026-09-05T15:24:14Z,25.0s,0,0.0,0.1,,0.0,0.0,0.0,0.0,stockLevel,4,50,1m,/home/evan/workload-results/tpcc-20260905T152303Z.log,/home/evan/workload-results/tpcc-20260905T152303Z.hist.json
2026-09-05T15:24:14Z,26.0s,0,0.0,0.2,,0.0,0.0,0.0,0.0,delivery,4,50,1m,/home/evan/workload-results/tpcc-20260905T152303Z.log,/home/evan/workload-results/tpcc-20260905T152303Z.hist.json
2026-09-05T15:24:14Z,26.0s,0,0.0,0.9,,0.0,0.0,0.0,0.0,newOrder,4,50,1m,/home/evan/workload-results/tpcc-20260905T152303Z.log,/home/evan/workload-results/tpcc-20260905T152303Z.hist.json
2026-09-05T15:24:14Z,26.0s,0,0.0,0.2,,0.0,0.0,0.0,0.0,orderStatus,4,50,1m,/home/evan/workload-results/tpcc-20260905T152303Z.log,/home/evan/workload-results/tpcc-20260905T152303Z.hist.json
2026-09-05T15:24:14Z,26.0s,0,1.0,0.8,,243.3,243.3,243.3,243.3,payment,4,50,1m,/home/evan/workload-results/tpcc-20260905T152303Z.log,/home/evan/workload-results/tpcc-20260905T152303Z.hist.json
2026-09-05T15:24:14Z,26.0s,0,0.0,0.1,,0.0,0.0,0.0,0.0,stockLevel,4,50,1m,/home/evan/workload-results/tpcc-20260905T152303Z.log,/home/evan/workload-results/tpcc-20260905T152303Z.hist.json
2026-09-05T15:24:14Z,27.0s,0,0.0,0.1,,0.0,0.0,0.0,0.0,delivery,4,50,1m,/home/evan/workload-results/tpcc-20260905T152303Z.log,/home/evan/workload-results/tpcc-20260905T152303Z.hist.json
2026-09-05T15:24:14Z,27.0s,0,0.0,0.9,,0.0,0.0,0.0,0.0,newOrder,4,50,1m,/home/evan/workload-results/tpcc-20260905T152303Z.log,/home/evan/workload-results/tpcc-20260905T152303Z.hist.json
2026-09-05T15:24:14Z,27.0s,0,0.0,0.2,,0.0,0.0,0.0,0.0,orderStatus,4,50,1m,/home/evan/workload-results/tpcc-20260905T152303Z.log,/home/evan/workload-results/tpcc-20260905T152303Z.hist.json
2026-09-05T15:24:14Z,27.0s,0,2.0,0.9,,243.3,419.4,419.4,419.4,payment,4,50,1m,/home/evan/workload-results/tpcc-20260905T152303Z.log,/home/evan/workload-results/tpcc-20260905T152303Z.hist.json
2026-09-05T15:24:14Z,27.0s,0,0.0,0.1,,0.0,0.0,0.0,0.0,stockLevel,4,50,1m,/home/evan/workload-results/tpcc-20260905T152303Z.log,/home/evan/workload-results/tpcc-20260905T152303Z.hist.json
2026-09-05T15:24:14Z,28.0s,0,0.0,0.1,,0.0,0.0,0.0,0.0,delivery,4,50,1m,/home/evan/workload-results/tpcc-20260905T152303Z.log,/home/evan/workload-results/tpcc-20260905T152303Z.hist.json
2026-09-05T15:24:14Z,28.0s,0,1.0,0.9,,453.0,453.0,453.0,453.0,newOrder,4,50,1m,/home/evan/workload-results/tpcc-20260905T152303Z.log,/home/evan/workload-results/tpcc-20260905T152303Z.hist.json
2026-09-05T15:24:14Z,28.0s,0,0.0,0.2,,0.0,0.0,0.0,0.0,orderStatus,4,50,1m,/home/evan/workload-results/tpcc-20260905T152303Z.log,/home/evan/workload-results/tpcc-20260905T152303Z.hist.json
2026-09-05T15:24:14Z,28.0s,0,0.0,0.9,,0.0,0.0,0.0,0.0,payment,4,50,1m,/home/evan/workload-results/tpcc-20260905T152303Z.log,/home/evan/workload-results/tpcc-20260905T152303Z.hist.json
2026-09-05T15:24:14Z,28.0s,0,1.0,0.1,,109.1,109.1,109.1,109.1,stockLevel,4,50,1m,/home/evan/workload-results/tpcc-20260905T152303Z.log,/home/evan/workload-results/tpcc-20260905T152303Z.hist.json
2026-09-05T15:24:14Z,29.0s,0,0.0,0.1,,0.0,0.0,0.0,0.0,delivery,4,50,1m,/home/evan/workload-results/tpcc-20260905T152303Z.log,/home/evan/workload-results/tpcc-20260905T152303Z.hist.json
2026-09-05T15:24:14Z,29.0s,0,2.0,0.9,,453.0,453.0,453.0,453.0,newOrder,4,50,1m,/home/evan/workload-results/tpcc-20260905T152303Z.log,/home/evan/workload-results/tpcc-20260905T152303Z.hist.json
2026-09-05T15:24:14Z,29.0s,0,0.0,0.2,,0.0,0.0,0.0,0.0,orderStatus,4,50,1m,/home/evan/workload-results/tpcc-20260905T152303Z.log,/home/evan/workload-results/tpcc-20260905T152303Z.hist.json
2026-09-05T15:24:14Z,29.0s,0,0.0,0.8,,0.0,0.0,0.0,0.0,payment,4,50,1m,/home/evan/workload-results/tpcc-20260905T152303Z.log,/home/evan/workload-results/tpcc-20260905T152303Z.hist.json
2026-09-05T15:24:14Z,29.0s,0,0.0,0.1,,0.0,0.0,0.0,0.0,stockLevel,4,50,1m,/home/evan/workload-results/tpcc-20260905T152303Z.log,/home/evan/workload-results/tpcc-20260905T152303Z.hist.json
2026-09-05T15:24:14Z,30.0s,0,0.0,0.1,,0.0,0.0,0.0,0.0,delivery,4,50,1m,/home/evan/workload-results/tpcc-20260905T152303Z.log,/home/evan/workload-results/tpcc-20260905T152303Z.hist.json
2026-09-05T15:24:14Z,30.0s,0,0.0,0.9,,0.0,0.0,0.0,0.0,newOrder,4,50,1m,/home/evan/workload-results/tpcc-20260905T152303Z.log,/home/evan/workload-results/tpcc-20260905T152303Z.hist.json
2026-09-05T15:24:14Z,30.0s,0,0.0,0.2,,0.0,0.0,0.0,0.0,orderStatus,4,50,1m,/home/evan/workload-results/tpcc-20260905T152303Z.log,/home/evan/workload-results/tpcc-20260905T152303Z.hist.json
2026-09-05T15:24:14Z,30.0s,0,0.0,0.8,,0.0,0.0,0.0,0.0,payment,4,50,1m,/home/evan/workload-results/tpcc-20260905T152303Z.log,/home/evan/workload-results/tpcc-20260905T152303Z.hist.json
2026-09-05T15:24:14Z,30.0s,0,0.0,0.1,,0.0,0.0,0.0,0.0,stockLevel,4,50,1m,/home/evan/workload-results/tpcc-20260905T152303Z.log,/home/evan/workload-results/tpcc-20260905T152303Z.hist.json
2026-09-05T15:24:14Z,31.0s,0,0.0,0.1,,0.0,0.0,0.0,0.0,delivery,4,50,1m,/home/evan/workload-results/tpcc-20260905T152303Z.log,/home/evan/workload-results/tpcc-20260905T152303Z.hist.json
2026-09-05T15:24:14Z,31.0s,0,0.0,0.8,,0.0,0.0,0.0,0.0,newOrder,4,50,1m,/home/evan/workload-results/tpcc-20260905T152303Z.log,/home/evan/workload-results/tpcc-20260905T152303Z.hist.json
2026-09-05T15:24:14Z,31.0s,0,0.0,0.2,,0.0,0.0,0.0,0.0,orderStatus,4,50,1m,/home/evan/workload-results/tpcc-20260905T152303Z.log,/home/evan/workload-results/tpcc-20260905T152303Z.hist.json
2026-09-05T15:24:14Z,31.0s,0,0.0,0.8,,0.0,0.0,0.0,0.0,payment,4,50,1m,/home/evan/workload-results/tpcc-20260905T152303Z.log,/home/evan/workload-results/tpcc-20260905T152303Z.hist.json
2026-09-05T15:24:14Z,31.0s,0,0.0,0.1,,0.0,0.0,0.0,0.0,stockLevel,4,50,1m,/home/evan/workload-results/tpcc-20260905T152303Z.log,/home/evan/workload-results/tpcc-20260905T152303Z.hist.json
2026-09-05T15:24:14Z,32.0s,0,0.0,0.1,,0.0,0.0,0.0,0.0,delivery,4,50,1m,/home/evan/workload-results/tpcc-20260905T152303Z.log,/home/evan/workload-results/tpcc-20260905T152303Z.hist.json
2026-09-05T15:24:14Z,32.0s,0,0.0,0.8,,0.0,0.0,0.0,0.0,newOrder,4,50,1m,/home/evan/workload-results/tpcc-20260905T152303Z.log,/home/evan/workload-results/tpcc-20260905T152303Z.hist.json
2026-09-05T15:24:14Z,32.0s,0,0.0,0.2,,0.0,0.0,0.0,0.0,orderStatus,4,50,1m,/home/evan/workload-results/tpcc-20260905T152303Z.log,/home/evan/workload-results/tpcc-20260905T152303Z.hist.json
2026-09-05T15:24:14Z,32.0s,0,2.0,0.8,,243.3,243.3,243.3,243.3,payment,4,50,1m,/home/evan/workload-results/tpcc-20260905T152303Z.log,/home/evan/workload-results/tpcc-20260905T152303Z.hist.json
2026-09-05T15:24:14Z,32.0s,0,0.0,0.1,,0.0,0.0,0.0,0.0,stockLevel,4,50,1m,/home/evan/workload-results/tpcc-20260905T152303Z.log,/home/evan/workload-results/tpcc-20260905T152303Z.hist.json
2026-09-05T15:24:14Z,33.0s,0,0.0,0.1,,0.0,0.0,0.0,0.0,delivery,4,50,1m,/home/evan/workload-results/tpcc-20260905T152303Z.log,/home/evan/workload-results/tpcc-20260905T152303Z.hist.json
2026-09-05T15:24:14Z,33.0s,0,0.0,0.8,,0.0,0.0,0.0,0.0,newOrder,4,50,1m,/home/evan/workload-results/tpcc-20260905T152303Z.log,/home/evan/workload-results/tpcc-20260905T152303Z.hist.json
2026-09-05T15:24:14Z,33.0s,0,0.0,0.2,,0.0,0.0,0.0,0.0,orderStatus,4,50,1m,/home/evan/workload-results/tpcc-20260905T152303Z.log,/home/evan/workload-results/tpcc-20260905T152303Z.hist.json
2026-09-05T15:24:14Z,33.0s,0,2.0,0.8,,243.3,251.7,251.7,251.7,payment,4,50,1m,/home/evan/workload-results/tpcc-20260905T152303Z.log,/home/evan/workload-results/tpcc-20260905T152303Z.hist.json
2026-09-05T15:24:14Z,33.0s,0,0.0,0.1,,0.0,0.0,0.0,0.0,stockLevel,4,50,1m,/home/evan/workload-results/tpcc-20260905T152303Z.log,/home/evan/workload-results/tpcc-20260905T152303Z.hist.json
2026-09-05T15:24:14Z,34.0s,0,0.0,0.1,,0.0,0.0,0.0,0.0,delivery,4,50,1m,/home/evan/workload-results/tpcc-20260905T152303Z.log,/home/evan/workload-results/tpcc-20260905T152303Z.hist.json
2026-09-05T15:24:14Z,34.0s,0,1.0,0.8,,453.0,453.0,453.0,453.0,newOrder,4,50,1m,/home/evan/workload-results/tpcc-20260905T152303Z.log,/home/evan/workload-results/tpcc-20260905T152303Z.hist.json
2026-09-05T15:24:14Z,34.0s,0,0.0,0.1,,0.0,0.0,0.0,0.0,orderStatus,4,50,1m,/home/evan/workload-results/tpcc-20260905T152303Z.log,/home/evan/workload-results/tpcc-20260905T152303Z.hist.json
2026-09-05T15:24:14Z,34.0s,0,0.0,0.8,,0.0,0.0,0.0,0.0,payment,4,50,1m,/home/evan/workload-results/tpcc-20260905T152303Z.log,/home/evan/workload-results/tpcc-20260905T152303Z.hist.json
2026-09-05T15:24:14Z,34.0s,0,0.0,0.1,,0.0,0.0,0.0,0.0,stockLevel,4,50,1m,/home/evan/workload-results/tpcc-20260905T152303Z.log,/home/evan/workload-results/tpcc-20260905T152303Z.hist.json
2026-09-05T15:24:14Z,35.0s,0,0.0,0.1,,0.0,0.0,0.0,0.0,delivery,4,50,1m,/home/evan/workload-results/tpcc-20260905T152303Z.log,/home/evan/workload-results/tpcc-20260905T152303Z.hist.json
2026-09-05T15:24:14Z,35.0s,0,0.0,0.8,,0.0,0.0,0.0,0.0,newOrder,4,50,1m,/home/evan/workload-results/tpcc-20260905T152303Z.log,/home/evan/workload-results/tpcc-20260905T152303Z.hist.json
2026-09-05T15:24:14Z,35.0s,0,1.0,0.2,,142.6,142.6,142.6,142.6,orderStatus,4,50,1m,/home/evan/workload-results/tpcc-20260905T152303Z.log,/home/evan/workload-results/tpcc-20260905T152303Z.hist.json
2026-09-05T15:24:14Z,35.0s,0,0.0,0.8,,0.0,0.0,0.0,0.0,payment,4,50,1m,/home/evan/workload-results/tpcc-20260905T152303Z.log,/home/evan/workload-results/tpcc-20260905T152303Z.hist.json
2026-09-05T15:24:14Z,35.0s,0,0.0,0.1,,0.0,0.0,0.0,0.0,stockLevel,4,50,1m,/home/evan/workload-results/tpcc-20260905T152303Z.log,/home/evan/workload-results/tpcc-20260905T152303Z.hist.json
2026-09-05T15:24:14Z,36.0s,0,0.0,0.1,,0.0,0.0,0.0,0.0,delivery,4,50,1m,/home/evan/workload-results/tpcc-20260905T152303Z.log,/home/evan/workload-results/tpcc-20260905T152303Z.hist.json
2026-09-05T15:24:14Z,36.0s,0,0.0,0.7,,0.0,0.0,0.0,0.0,newOrder,4,50,1m,/home/evan/workload-results/tpcc-20260905T152303Z.log,/home/evan/workload-results/tpcc-20260905T152303Z.hist.json
2026-09-05T15:24:14Z,36.0s,0,0.0,0.2,,0.0,0.0,0.0,0.0,orderStatus,4,50,1m,/home/evan/workload-results/tpcc-20260905T152303Z.log,/home/evan/workload-results/tpcc-20260905T152303Z.hist.json
2026-09-05T15:24:14Z,36.0s,0,1.0,0.8,,243.3,243.3,243.3,243.3,payment,4,50,1m,/home/evan/workload-results/tpcc-20260905T152303Z.log,/home/evan/workload-results/tpcc-20260905T152303Z.hist.json
2026-09-05T15:24:14Z,36.0s,0,0.0,0.1,,0.0,0.0,0.0,0.0,stockLevel,4,50,1m,/home/evan/workload-results/tpcc-20260905T152303Z.log,/home/evan/workload-results/tpcc-20260905T152303Z.hist.json
2026-09-05T15:24:14Z,37.0s,0,0.0,0.1,,0.0,0.0,0.0,0.0,delivery,4,50,1m,/home/evan/workload-results/tpcc-20260905T152303Z.log,/home/evan/workload-results/tpcc-20260905T152303Z.hist.json
2026-09-05T15:24:14Z,37.0s,0,0.0,0.7,,0.0,0.0,0.0,0.0,newOrder,4,50,1m,/home/evan/workload-results/tpcc-20260905T152303Z.log,/home/evan/workload-results/tpcc-20260905T152303Z.hist.json
2026-09-05T15:24:14Z,37.0s,0,0.0,0.2,,0.0,0.0,0.0,0.0,orderStatus,4,50,1m,/home/evan/workload-results/tpcc-20260905T152303Z.log,/home/evan/workload-results/tpcc-20260905T152303Z.hist.json
2026-09-05T15:24:14Z,37.0s,0,3.0,0.9,,302.0,369.1,369.1,369.1,payment,4,50,1m,/home/evan/workload-results/tpcc-20260905T152303Z.log,/home/evan/workload-results/tpcc-20260905T152303Z.hist.json
2026-09-05T15:24:14Z,37.0s,0,0.0,0.1,,0.0,0.0,0.0,0.0,stockLevel,4,50,1m,/home/evan/workload-results/tpcc-20260905T152303Z.log,/home/evan/workload-results/tpcc-20260905T152303Z.hist.json
2026-09-05T15:24:14Z,38.0s,0,0.0,0.1,,0.0,0.0,0.0,0.0,delivery,4,50,1m,/home/evan/workload-results/tpcc-20260905T152303Z.log,/home/evan/workload-results/tpcc-20260905T152303Z.hist.json
2026-09-05T15:24:14Z,38.0s,0,1.0,0.7,,469.8,469.8,469.8,469.8,newOrder,4,50,1m,/home/evan/workload-results/tpcc-20260905T152303Z.log,/home/evan/workload-results/tpcc-20260905T152303Z.hist.json
2026-09-05T15:24:14Z,38.0s,0,0.0,0.2,,0.0,0.0,0.0,0.0,orderStatus,4,50,1m,/home/evan/workload-results/tpcc-20260905T152303Z.log,/home/evan/workload-results/tpcc-20260905T152303Z.hist.json
2026-09-05T15:24:14Z,38.0s,0,0.0,0.8,,0.0,0.0,0.0,0.0,payment,4,50,1m,/home/evan/workload-results/tpcc-20260905T152303Z.log,/home/evan/workload-results/tpcc-20260905T152303Z.hist.json
2026-09-05T15:24:14Z,38.0s,0,0.0,0.1,,0.0,0.0,0.0,0.0,stockLevel,4,50,1m,/home/evan/workload-results/tpcc-20260905T152303Z.log,/home/evan/workload-results/tpcc-20260905T152303Z.hist.json
2026-09-05T15:24:14Z,39.0s,0,0.0,0.1,,0.0,0.0,0.0,0.0,delivery,4,50,1m,/home/evan/workload-results/tpcc-20260905T152303Z.log,/home/evan/workload-results/tpcc-20260905T152303Z.hist.json
2026-09-05T15:24:14Z,39.0s,0,0.0,0.7,,0.0,0.0,0.0,0.0,newOrder,4,50,1m,/home/evan/workload-results/tpcc-20260905T152303Z.log,/home/evan/workload-results/tpcc-20260905T152303Z.hist.json
2026-09-05T15:24:14Z,39.0s,0,0.0,0.2,,0.0,0.0,0.0,0.0,orderStatus,4,50,1m,/home/evan/workload-results/tpcc-20260905T152303Z.log,/home/evan/workload-results/tpcc-20260905T152303Z.hist.json
2026-09-05T15:24:14Z,39.0s,0,1.0,0.8,,285.2,285.2,285.2,285.2,payment,4,50,1m,/home/evan/workload-results/tpcc-20260905T152303Z.log,/home/evan/workload-results/tpcc-20260905T152303Z.hist.json
2026-09-05T15:24:14Z,39.0s,0,0.0,0.1,,0.0,0.0,0.0,0.0,stockLevel,4,50,1m,/home/evan/workload-results/tpcc-20260905T152303Z.log,/home/evan/workload-results/tpcc-20260905T152303Z.hist.json
2026-09-05T15:24:14Z,40.0s,0,0.0,0.1,,0.0,0.0,0.0,0.0,delivery,4,50,1m,/home/evan/workload-results/tpcc-20260905T152303Z.log,/home/evan/workload-results/tpcc-20260905T152303Z.hist.json
2026-09-05T15:24:14Z,40.0s,0,0.0,0.7,,0.0,0.0,0.0,0.0,newOrder,4,50,1m,/home/evan/workload-results/tpcc-20260905T152303Z.log,/home/evan/workload-results/tpcc-20260905T152303Z.hist.json
2026-09-05T15:24:14Z,40.0s,0,0.0,0.1,,0.0,0.0,0.0,0.0,orderStatus,4,50,1m,/home/evan/workload-results/tpcc-20260905T152303Z.log,/home/evan/workload-results/tpcc-20260905T152303Z.hist.json
2026-09-05T15:24:14Z,40.0s,0,2.0,0.9,,243.3,243.3,243.3,243.3,payment,4,50,1m,/home/evan/workload-results/tpcc-20260905T152303Z.log,/home/evan/workload-results/tpcc-20260905T152303Z.hist.json
2026-09-05T15:24:14Z,40.0s,0,0.0,0.1,,0.0,0.0,0.0,0.0,stockLevel,4,50,1m,/home/evan/workload-results/tpcc-20260905T152303Z.log,/home/evan/workload-results/tpcc-20260905T152303Z.hist.json
2026-09-05T15:24:14Z,41.0s,0,0.0,0.1,,0.0,0.0,0.0,0.0,delivery,4,50,1m,/home/evan/workload-results/tpcc-20260905T152303Z.log,/home/evan/workload-results/tpcc-20260905T152303Z.hist.json
2026-09-05T15:24:14Z,41.0s,0,0.0,0.7,,0.0,0.0,0.0,0.0,newOrder,4,50,1m,/home/evan/workload-results/tpcc-20260905T152303Z.log,/home/evan/workload-results/tpcc-20260905T152303Z.hist.json
2026-09-05T15:24:14Z,41.0s,0,0.0,0.1,,0.0,0.0,0.0,0.0,orderStatus,4,50,1m,/home/evan/workload-results/tpcc-20260905T152303Z.log,/home/evan/workload-results/tpcc-20260905T152303Z.hist.json
2026-09-05T15:24:14Z,41.0s,0,2.0,0.9,,285.2,285.2,285.2,285.2,payment,4,50,1m,/home/evan/workload-results/tpcc-20260905T152303Z.log,/home/evan/workload-results/tpcc-20260905T152303Z.hist.json
2026-09-05T15:24:14Z,41.0s,0,0.0,0.1,,0.0,0.0,0.0,0.0,stockLevel,4,50,1m,/home/evan/workload-results/tpcc-20260905T152303Z.log,/home/evan/workload-results/tpcc-20260905T152303Z.hist.json
2026-09-05T15:24:14Z,42.0s,0,0.0,0.1,,0.0,0.0,0.0,0.0,delivery,4,50,1m,/home/evan/workload-results/tpcc-20260905T152303Z.log,/home/evan/workload-results/tpcc-20260905T152303Z.hist.json
2026-09-05T15:24:14Z,42.0s,0,4.0,0.8,,469.8,704.6,704.6,704.6,newOrder,4,50,1m,/home/evan/workload-results/tpcc-20260905T152303Z.log,/home/evan/workload-results/tpcc-20260905T152303Z.hist.json
2026-09-05T15:24:14Z,42.0s,0,0.0,0.1,,0.0,0.0,0.0,0.0,orderStatus,4,50,1m,/home/evan/workload-results/tpcc-20260905T152303Z.log,/home/evan/workload-results/tpcc-20260905T152303Z.hist.json
2026-09-05T15:24:14Z,42.0s,0,0.0,0.9,,0.0,0.0,0.0,0.0,payment,4,50,1m,/home/evan/workload-results/tpcc-20260905T152303Z.log,/home/evan/workload-results/tpcc-20260905T152303Z.hist.json
2026-09-05T15:24:14Z,42.0s,0,0.0,0.1,,0.0,0.0,0.0,0.0,stockLevel,4,50,1m,/home/evan/workload-results/tpcc-20260905T152303Z.log,/home/evan/workload-results/tpcc-20260905T152303Z.hist.json
2026-09-05T15:24:14Z,43.0s,0,0.0,0.1,,0.0,0.0,0.0,0.0,delivery,4,50,1m,/home/evan/workload-results/tpcc-20260905T152303Z.log,/home/evan/workload-results/tpcc-20260905T152303Z.hist.json
2026-09-05T15:24:14Z,43.0s,0,0.0,0.7,,0.0,0.0,0.0,0.0,newOrder,4,50,1m,/home/evan/workload-results/tpcc-20260905T152303Z.log,/home/evan/workload-results/tpcc-20260905T152303Z.hist.json
2026-09-05T15:24:14Z,43.0s,0,0.0,0.1,,0.0,0.0,0.0,0.0,orderStatus,4,50,1m,/home/evan/workload-results/tpcc-20260905T152303Z.log,/home/evan/workload-results/tpcc-20260905T152303Z.hist.json
2026-09-05T15:24:14Z,43.0s,0,0.0,0.9,,0.0,0.0,0.0,0.0,payment,4,50,1m,/home/evan/workload-results/tpcc-20260905T152303Z.log,/home/evan/workload-results/tpcc-20260905T152303Z.hist.json
2026-09-05T15:24:14Z,43.0s,0,0.0,0.1,,0.0,0.0,0.0,0.0,stockLevel,4,50,1m,/home/evan/workload-results/tpcc-20260905T152303Z.log,/home/evan/workload-results/tpcc-20260905T152303Z.hist.json
2026-09-05T15:24:14Z,44.0s,0,0.0,0.1,,0.0,0.0,0.0,0.0,delivery,4,50,1m,/home/evan/workload-results/tpcc-20260905T152303Z.log,/home/evan/workload-results/tpcc-20260905T152303Z.hist.json
2026-09-05T15:24:14Z,44.0s,0,1.0,0.7,,453.0,453.0,453.0,453.0,newOrder,4,50,1m,/home/evan/workload-results/tpcc-20260905T152303Z.log,/home/evan/workload-results/tpcc-20260905T152303Z.hist.json
2026-09-05T15:24:14Z,44.0s,0,1.0,0.2,,113.2,113.2,113.2,113.2,orderStatus,4,50,1m,/home/evan/workload-results/tpcc-20260905T152303Z.log,/home/evan/workload-results/tpcc-20260905T152303Z.hist.json
2026-09-05T15:24:14Z,44.0s,0,0.0,0.8,,0.0,0.0,0.0,0.0,payment,4,50,1m,/home/evan/workload-results/tpcc-20260905T152303Z.log,/home/evan/workload-results/tpcc-20260905T152303Z.hist.json
2026-09-05T15:24:14Z,44.0s,0,0.0,0.1,,0.0,0.0,0.0,0.0,stockLevel,4,50,1m,/home/evan/workload-results/tpcc-20260905T152303Z.log,/home/evan/workload-results/tpcc-20260905T152303Z.hist.json
2026-09-05T15:24:14Z,45.0s,0,0.0,0.1,,0.0,0.0,0.0,0.0,delivery,4,50,1m,/home/evan/workload-results/tpcc-20260905T152303Z.log,/home/evan/workload-results/tpcc-20260905T152303Z.hist.json
2026-09-05T15:24:14Z,45.0s,0,2.0,0.8,,453.0,453.0,453.0,453.0,newOrder,4,50,1m,/home/evan/workload-results/tpcc-20260905T152303Z.log,/home/evan/workload-results/tpcc-20260905T152303Z.hist.json
2026-09-05T15:24:14Z,45.0s,0,0.0,0.2,,0.0,0.0,0.0,0.0,orderStatus,4,50,1m,/home/evan/workload-results/tpcc-20260905T152303Z.log,/home/evan/workload-results/tpcc-20260905T152303Z.hist.json
2026-09-05T15:24:14Z,45.0s,0,0.0,0.8,,0.0,0.0,0.0,0.0,payment,4,50,1m,/home/evan/workload-results/tpcc-20260905T152303Z.log,/home/evan/workload-results/tpcc-20260905T152303Z.hist.json
2026-09-05T15:24:14Z,45.0s,0,0.0,0.1,,0.0,0.0,0.0,0.0,stockLevel,4,50,1m,/home/evan/workload-results/tpcc-20260905T152303Z.log,/home/evan/workload-results/tpcc-20260905T152303Z.hist.json
2026-09-05T15:24:14Z,46.0s,0,0.0,0.1,,0.0,0.0,0.0,0.0,delivery,4,50,1m,/home/evan/workload-results/tpcc-20260905T152303Z.log,/home/evan/workload-results/tpcc-20260905T152303Z.hist.json
2026-09-05T15:24:14Z,46.0s,0,1.0,0.8,,469.8,469.8,469.8,469.8,newOrder,4,50,1m,/home/evan/workload-results/tpcc-20260905T152303Z.log,/home/evan/workload-results/tpcc-20260905T152303Z.hist.json
2026-09-05T15:24:14Z,46.0s,0,0.0,0.2,,0.0,0.0,0.0,0.0,orderStatus,4,50,1m,/home/evan/workload-results/tpcc-20260905T152303Z.log,/home/evan/workload-results/tpcc-20260905T152303Z.hist.json
2026-09-05T15:24:14Z,46.0s,0,1.0,0.8,,285.2,285.2,285.2,285.2,payment,4,50,1m,/home/evan/workload-results/tpcc-20260905T152303Z.log,/home/evan/workload-results/tpcc-20260905T152303Z.hist.json
2026-09-05T15:24:14Z,46.0s,0,1.0,0.1,,113.2,113.2,113.2,113.2,stockLevel,4,50,1m,/home/evan/workload-results/tpcc-20260905T152303Z.log,/home/evan/workload-results/tpcc-20260905T152303Z.hist.json
2026-09-05T15:24:14Z,47.0s,0,0.0,0.1,,0.0,0.0,0.0,0.0,delivery,4,50,1m,/home/evan/workload-results/tpcc-20260905T152303Z.log,/home/evan/workload-results/tpcc-20260905T152303Z.hist.json
2026-09-05T15:24:14Z,47.0s,0,1.0,0.8,,453.0,453.0,453.0,453.0,newOrder,4,50,1m,/home/evan/workload-results/tpcc-20260905T152303Z.log,/home/evan/workload-results/tpcc-20260905T152303Z.hist.json
2026-09-05T15:24:14Z,47.0s,0,1.0,0.2,,134.2,134.2,134.2,134.2,orderStatus,4,50,1m,/home/evan/workload-results/tpcc-20260905T152303Z.log,/home/evan/workload-results/tpcc-20260905T152303Z.hist.json
2026-09-05T15:24:14Z,47.0s,0,2.0,0.9,,243.3,285.2,285.2,285.2,payment,4,50,1m,/home/evan/workload-results/tpcc-20260905T152303Z.log,/home/evan/workload-results/tpcc-20260905T152303Z.hist.json
2026-09-05T15:24:14Z,47.0s,0,0.0,0.1,,0.0,0.0,0.0,0.0,stockLevel,4,50,1m,/home/evan/workload-results/tpcc-20260905T152303Z.log,/home/evan/workload-results/tpcc-20260905T152303Z.hist.json
2026-09-05T15:24:14Z,48.0s,0,0.0,0.1,,0.0,0.0,0.0,0.0,delivery,4,50,1m,/home/evan/workload-results/tpcc-20260905T152303Z.log,/home/evan/workload-results/tpcc-20260905T152303Z.hist.json
2026-09-05T15:24:14Z,48.0s,0,3.0,0.8,,453.0,453.0,453.0,453.0,newOrder,4,50,1m,/home/evan/workload-results/tpcc-20260905T152303Z.log,/home/evan/workload-results/tpcc-20260905T152303Z.hist.json
2026-09-05T15:24:14Z,48.0s,0,0.0,0.2,,0.0,0.0,0.0,0.0,orderStatus,4,50,1m,/home/evan/workload-results/tpcc-20260905T152303Z.log,/home/evan/workload-results/tpcc-20260905T152303Z.hist.json
2026-09-05T15:24:14Z,48.0s,0,0.0,0.8,,0.0,0.0,0.0,0.0,payment,4,50,1m,/home/evan/workload-results/tpcc-20260905T152303Z.log,/home/evan/workload-results/tpcc-20260905T152303Z.hist.json
2026-09-05T15:24:14Z,48.0s,0,0.0,0.1,,0.0,0.0,0.0,0.0,stockLevel,4,50,1m,/home/evan/workload-results/tpcc-20260905T152303Z.log,/home/evan/workload-results/tpcc-20260905T152303Z.hist.json
2026-09-05T15:24:14Z,49.0s,0,0.0,0.1,,0.0,0.0,0.0,0.0,delivery,4,50,1m,/home/evan/workload-results/tpcc-20260905T152303Z.log,/home/evan/workload-results/tpcc-20260905T152303Z.hist.json
2026-09-05T15:24:14Z,49.0s,0,0.0,0.8,,0.0,0.0,0.0,0.0,newOrder,4,50,1m,/home/evan/workload-results/tpcc-20260905T152303Z.log,/home/evan/workload-results/tpcc-20260905T152303Z.hist.json
2026-09-05T15:24:14Z,49.0s,0,0.0,0.2,,0.0,0.0,0.0,0.0,orderStatus,4,50,1m,/home/evan/workload-results/tpcc-20260905T152303Z.log,/home/evan/workload-results/tpcc-20260905T152303Z.hist.json
2026-09-05T15:24:14Z,49.0s,0,1.0,0.8,,268.4,268.4,268.4,268.4,payment,4,50,1m,/home/evan/workload-results/tpcc-20260905T152303Z.log,/home/evan/workload-results/tpcc-20260905T152303Z.hist.json
2026-09-05T15:24:14Z,49.0s,0,0.0,0.1,,0.0,0.0,0.0,0.0,stockLevel,4,50,1m,/home/evan/workload-results/tpcc-20260905T152303Z.log,/home/evan/workload-results/tpcc-20260905T152303Z.hist.json
2026-09-05T15:24:14Z,50.0s,0,0.0,0.1,,0.0,0.0,0.0,0.0,delivery,4,50,1m,/home/evan/workload-results/tpcc-20260905T152303Z.log,/home/evan/workload-results/tpcc-20260905T152303Z.hist.json
2026-09-05T15:24:14Z,50.0s,0,0.0,0.8,,0.0,0.0,0.0,0.0,newOrder,4,50,1m,/home/evan/workload-results/tpcc-20260905T152303Z.log,/home/evan/workload-results/tpcc-20260905T152303Z.hist.json
2026-09-05T15:24:14Z,50.0s,0,0.0,0.2,,0.0,0.0,0.0,0.0,orderStatus,4,50,1m,/home/evan/workload-results/tpcc-20260905T152303Z.log,/home/evan/workload-results/tpcc-20260905T152303Z.hist.json
2026-09-05T15:24:14Z,50.0s,0,0.0,0.8,,0.0,0.0,0.0,0.0,payment,4,50,1m,/home/evan/workload-results/tpcc-20260905T152303Z.log,/home/evan/workload-results/tpcc-20260905T152303Z.hist.json
2026-09-05T15:24:14Z,50.0s,0,0.0,0.1,,0.0,0.0,0.0,0.0,stockLevel,4,50,1m,/home/evan/workload-results/tpcc-20260905T152303Z.log,/home/evan/workload-results/tpcc-20260905T152303Z.hist.json
2026-09-05T15:24:14Z,51.0s,0,0.0,0.1,,0.0,0.0,0.0,0.0,delivery,4,50,1m,/home/evan/workload-results/tpcc-20260905T152303Z.log,/home/evan/workload-results/tpcc-20260905T152303Z.hist.json
2026-09-05T15:24:14Z,51.0s,0,0.0,0.8,,0.0,0.0,0.0,0.0,newOrder,4,50,1m,/home/evan/workload-results/tpcc-20260905T152303Z.log,/home/evan/workload-results/tpcc-20260905T152303Z.hist.json
2026-09-05T15:24:14Z,51.0s,0,0.0,0.2,,0.0,0.0,0.0,0.0,orderStatus,4,50,1m,/home/evan/workload-results/tpcc-20260905T152303Z.log,/home/evan/workload-results/tpcc-20260905T152303Z.hist.json
2026-09-05T15:24:14Z,51.0s,0,0.0,0.8,,0.0,0.0,0.0,0.0,payment,4,50,1m,/home/evan/workload-results/tpcc-20260905T152303Z.log,/home/evan/workload-results/tpcc-20260905T152303Z.hist.json
2026-09-05T15:24:14Z,51.0s,0,0.0,0.1,,0.0,0.0,0.0,0.0,stockLevel,4,50,1m,/home/evan/workload-results/tpcc-20260905T152303Z.log,/home/evan/workload-results/tpcc-20260905T152303Z.hist.json
2026-09-05T15:24:14Z,52.0s,0,0.0,0.1,,0.0,0.0,0.0,0.0,delivery,4,50,1m,/home/evan/workload-results/tpcc-20260905T152303Z.log,/home/evan/workload-results/tpcc-20260905T152303Z.hist.json
2026-09-05T15:24:14Z,52.0s,0,0.0,0.8,,0.0,0.0,0.0,0.0,newOrder,4,50,1m,/home/evan/workload-results/tpcc-20260905T152303Z.log,/home/evan/workload-results/tpcc-20260905T152303Z.hist.json
2026-09-05T15:24:14Z,52.0s,0,0.0,0.2,,0.0,0.0,0.0,0.0,orderStatus,4,50,1m,/home/evan/workload-results/tpcc-20260905T152303Z.log,/home/evan/workload-results/tpcc-20260905T152303Z.hist.json
2026-09-05T15:24:14Z,52.0s,0,1.0,0.8,,285.2,285.2,285.2,285.2,payment,4,50,1m,/home/evan/workload-results/tpcc-20260905T152303Z.log,/home/evan/workload-results/tpcc-20260905T152303Z.hist.json
2026-09-05T15:24:14Z,52.0s,0,0.0,0.1,,0.0,0.0,0.0,0.0,stockLevel,4,50,1m,/home/evan/workload-results/tpcc-20260905T152303Z.log,/home/evan/workload-results/tpcc-20260905T152303Z.hist.json
2026-09-05T15:24:14Z,53.0s,0,1.0,0.1,,939.5,939.5,939.5,939.5,delivery,4,50,1m,/home/evan/workload-results/tpcc-20260905T152303Z.log,/home/evan/workload-results/tpcc-20260905T152303Z.hist.json
2026-09-05T15:24:14Z,53.0s,0,3.0,0.8,,453.0,604.0,604.0,604.0,newOrder,4,50,1m,/home/evan/workload-results/tpcc-20260905T152303Z.log,/home/evan/workload-results/tpcc-20260905T152303Z.hist.json
2026-09-05T15:24:14Z,53.0s,0,0.0,0.2,,0.0,0.0,0.0,0.0,orderStatus,4,50,1m,/home/evan/workload-results/tpcc-20260905T152303Z.log,/home/evan/workload-results/tpcc-20260905T152303Z.hist.json
2026-09-05T15:24:14Z,53.0s,0,1.0,0.8,,285.2,285.2,285.2,285.2,payment,4,50,1m,/home/evan/workload-results/tpcc-20260905T152303Z.log,/home/evan/workload-results/tpcc-20260905T152303Z.hist.json
2026-09-05T15:24:14Z,53.0s,0,0.0,0.1,,0.0,0.0,0.0,0.0,stockLevel,4,50,1m,/home/evan/workload-results/tpcc-20260905T152303Z.log,/home/evan/workload-results/tpcc-20260905T152303Z.hist.json
2026-09-05T15:24:14Z,54.0s,0,0.0,0.1,,0.0,0.0,0.0,0.0,delivery,4,50,1m,/home/evan/workload-results/tpcc-20260905T152303Z.log,/home/evan/workload-results/tpcc-20260905T152303Z.hist.json
2026-09-05T15:24:14Z,54.0s,0,3.0,0.9,,453.0,469.8,469.8,469.8,newOrder,4,50,1m,/home/evan/workload-results/tpcc-20260905T152303Z.log,/home/evan/workload-results/tpcc-20260905T152303Z.hist.json
2026-09-05T15:24:14Z,54.0s,0,0.0,0.1,,0.0,0.0,0.0,0.0,orderStatus,4,50,1m,/home/evan/workload-results/tpcc-20260905T152303Z.log,/home/evan/workload-results/tpcc-20260905T152303Z.hist.json
2026-09-05T15:24:14Z,54.0s,0,1.0,0.8,,285.2,285.2,285.2,285.2,payment,4,50,1m,/home/evan/workload-results/tpcc-20260905T152303Z.log,/home/evan/workload-results/tpcc-20260905T152303Z.hist.json
2026-09-05T15:24:14Z,54.0s,0,0.0,0.1,,0.0,0.0,0.0,0.0,stockLevel,4,50,1m,/home/evan/workload-results/tpcc-20260905T152303Z.log,/home/evan/workload-results/tpcc-20260905T152303Z.hist.json
2026-09-05T15:24:14Z,55.0s,0,0.0,0.1,,0.0,0.0,0.0,0.0,delivery,4,50,1m,/home/evan/workload-results/tpcc-20260905T152303Z.log,/home/evan/workload-results/tpcc-20260905T152303Z.hist.json
2026-09-05T15:24:14Z,55.0s,0,0.0,0.8,,0.0,0.0,0.0,0.0,newOrder,4,50,1m,/home/evan/workload-results/tpcc-20260905T152303Z.log,/home/evan/workload-results/tpcc-20260905T152303Z.hist.json
2026-09-05T15:24:14Z,55.0s,0,0.0,0.1,,0.0,0.0,0.0,0.0,orderStatus,4,50,1m,/home/evan/workload-results/tpcc-20260905T152303Z.log,/home/evan/workload-results/tpcc-20260905T152303Z.hist.json
2026-09-05T15:24:14Z,55.0s,0,1.0,0.8,,243.3,243.3,243.3,243.3,payment,4,50,1m,/home/evan/workload-results/tpcc-20260905T152303Z.log,/home/evan/workload-results/tpcc-20260905T152303Z.hist.json
2026-09-05T15:24:14Z,55.0s,0,0.0,0.1,,0.0,0.0,0.0,0.0,stockLevel,4,50,1m,/home/evan/workload-results/tpcc-20260905T152303Z.log,/home/evan/workload-results/tpcc-20260905T152303Z.hist.json
2026-09-05T15:24:14Z,56.0s,0,0.0,0.1,,0.0,0.0,0.0,0.0,delivery,4,50,1m,/home/evan/workload-results/tpcc-20260905T152303Z.log,/home/evan/workload-results/tpcc-20260905T152303Z.hist.json
2026-09-05T15:24:14Z,56.0s,0,1.0,0.8,,503.3,503.3,503.3,503.3,newOrder,4,50,1m,/home/evan/workload-results/tpcc-20260905T152303Z.log,/home/evan/workload-results/tpcc-20260905T152303Z.hist.json
2026-09-05T15:24:14Z,56.0s,0,0.0,0.1,,0.0,0.0,0.0,0.0,orderStatus,4,50,1m,/home/evan/workload-results/tpcc-20260905T152303Z.log,/home/evan/workload-results/tpcc-20260905T152303Z.hist.json
2026-09-05T15:24:14Z,56.0s,0,1.0,0.8,,243.3,243.3,243.3,243.3,payment,4,50,1m,/home/evan/workload-results/tpcc-20260905T152303Z.log,/home/evan/workload-results/tpcc-20260905T152303Z.hist.json
2026-09-05T15:24:14Z,56.0s,0,0.0,0.1,,0.0,0.0,0.0,0.0,stockLevel,4,50,1m,/home/evan/workload-results/tpcc-20260905T152303Z.log,/home/evan/workload-results/tpcc-20260905T152303Z.hist.json
2026-09-05T15:24:14Z,57.0s,0,0.0,0.1,,0.0,0.0,0.0,0.0,delivery,4,50,1m,/home/evan/workload-results/tpcc-20260905T152303Z.log,/home/evan/workload-results/tpcc-20260905T152303Z.hist.json
2026-09-05T15:24:14Z,57.0s,0,1.0,0.8,,469.8,469.8,469.8,469.8,newOrder,4,50,1m,/home/evan/workload-results/tpcc-20260905T152303Z.log,/home/evan/workload-results/tpcc-20260905T152303Z.hist.json
2026-09-05T15:24:14Z,57.0s,0,0.0,0.1,,0.0,0.0,0.0,0.0,orderStatus,4,50,1m,/home/evan/workload-results/tpcc-20260905T152303Z.log,/home/evan/workload-results/tpcc-20260905T152303Z.hist.json
2026-09-05T15:24:14Z,57.0s,0,0.0,0.8,,0.0,0.0,0.0,0.0,payment,4,50,1m,/home/evan/workload-results/tpcc-20260905T152303Z.log,/home/evan/workload-results/tpcc-20260905T152303Z.hist.json
2026-09-05T15:24:14Z,57.0s,0,0.0,0.1,,0.0,0.0,0.0,0.0,stockLevel,4,50,1m,/home/evan/workload-results/tpcc-20260905T152303Z.log,/home/evan/workload-results/tpcc-20260905T152303Z.hist.json
2026-09-05T15:24:14Z,58.0s,0,0.0,0.1,,0.0,0.0,0.0,0.0,delivery,4,50,1m,/home/evan/workload-results/tpcc-20260905T152303Z.log,/home/evan/workload-results/tpcc-20260905T152303Z.hist.json
2026-09-05T15:24:14Z,58.0s,0,0.0,0.8,,0.0,0.0,0.0,0.0,newOrder,4,50,1m,/home/evan/workload-results/tpcc-20260905T152303Z.log,/home/evan/workload-results/tpcc-20260905T152303Z.hist.json
2026-09-05T15:24:14Z,58.0s,0,0.0,0.1,,0.0,0.0,0.0,0.0,orderStatus,4,50,1m,/home/evan/workload-results/tpcc-20260905T152303Z.log,/home/evan/workload-results/tpcc-20260905T152303Z.hist.json
2026-09-05T15:24:14Z,58.0s,0,3.0,0.8,,285.2,285.2,285.2,285.2,payment,4,50,1m,/home/evan/workload-results/tpcc-20260905T152303Z.log,/home/evan/workload-results/tpcc-20260905T152303Z.hist.json
2026-09-05T15:24:14Z,58.0s,0,0.0,0.1,,0.0,0.0,0.0,0.0,stockLevel,4,50,1m,/home/evan/workload-results/tpcc-20260905T152303Z.log,/home/evan/workload-results/tpcc-20260905T152303Z.hist.json
2026-09-05T15:24:14Z,59.0s,0,0.0,0.1,,0.0,0.0,0.0,0.0,delivery,4,50,1m,/home/evan/workload-results/tpcc-20260905T152303Z.log,/home/evan/workload-results/tpcc-20260905T152303Z.hist.json
2026-09-05T15:24:14Z,59.0s,0,2.0,0.8,,453.0,469.8,469.8,469.8,newOrder,4,50,1m,/home/evan/workload-results/tpcc-20260905T152303Z.log,/home/evan/workload-results/tpcc-20260905T152303Z.hist.json
2026-09-05T15:24:14Z,59.0s,0,0.0,0.1,,0.0,0.0,0.0,0.0,orderStatus,4,50,1m,/home/evan/workload-results/tpcc-20260905T152303Z.log,/home/evan/workload-results/tpcc-20260905T152303Z.hist.json
2026-09-05T15:24:14Z,59.0s,0,2.0,0.9,,243.3,251.7,251.7,251.7,payment,4,50,1m,/home/evan/workload-results/tpcc-20260905T152303Z.log,/home/evan/workload-results/tpcc-20260905T152303Z.hist.json
2026-09-05T15:24:14Z,59.0s,0,0.0,0.1,,0.0,0.0,0.0,0.0,stockLevel,4,50,1m,/home/evan/workload-results/tpcc-20260905T152303Z.log,/home/evan/workload-results/tpcc-20260905T152303Z.hist.json
2026-09-05T15:24:14Z,60.0s,0,0.0,0.1,,0.0,0.0,0.0,0.0,delivery,4,50,1m,/home/evan/workload-results/tpcc-20260905T152303Z.log,/home/evan/workload-results/tpcc-20260905T152303Z.hist.json
2026-09-05T15:24:14Z,60.0s,0,2.0,0.9,,453.0,469.8,469.8,469.8,newOrder,4,50,1m,/home/evan/workload-results/tpcc-20260905T152303Z.log,/home/evan/workload-results/tpcc-20260905T152303Z.hist.json
2026-09-05T15:24:14Z,60.0s,0,0.0,0.1,,0.0,0.0,0.0,0.0,orderStatus,4,50,1m,/home/evan/workload-results/tpcc-20260905T152303Z.log,/home/evan/workload-results/tpcc-20260905T152303Z.hist.json
2026-09-05T15:24:14Z,60.0s,0,1.0,0.9,,302.0,302.0,302.0,302.0,payment,4,50,1m,/home/evan/workload-results/tpcc-20260905T152303Z.log,/home/evan/workload-results/tpcc-20260905T152303Z.hist.json
2026-09-05T15:24:14Z,60.0s,0,0.0,0.1,,0.0,0.0,0.0,0.0,stockLevel,4,50,1m,/home/evan/workload-results/tpcc-20260905T152303Z.log,/home/evan/workload-results/tpcc-20260905T152303Z.hist.json
2026-09-05T15:24:14Z,60.0s,0,5,0.1,1513.3,1006.6,2818.6,2818.6,2818.6,delivery,4,50,1m,/home/evan/workload-results/tpcc-20260905T152303Z.log,/home/evan/workload-results/tpcc-20260905T152303Z.hist.json
2026-09-05T15:24:14Z,60.0s,0,52,0.9,605.4,469.8,1208.0,1409.3,1476.4,newOrder,4,50,1m,/home/evan/workload-results/tpcc-20260905T152303Z.log,/home/evan/workload-results/tpcc-20260905T152303Z.hist.json
2026-09-05T15:24:14Z,60.0s,0,8,0.1,140.5,142.6,167.8,167.8,167.8,orderStatus,4,50,1m,/home/evan/workload-results/tpcc-20260905T152303Z.log,/home/evan/workload-results/tpcc-20260905T152303Z.hist.json
2026-09-05T15:24:14Z,60.0s,0,52,0.9,396.4,285.2,973.1,1140.9,1342.2,payment,4,50,1m,/home/evan/workload-results/tpcc-20260905T152303Z.log,/home/evan/workload-results/tpcc-20260905T152303Z.hist.json
2026-09-05T15:24:14Z,60.0s,0,5,0.1,133.8,117.4,176.2,176.2,176.2,stockLevel,4,50,1m,/home/evan/workload-results/tpcc-20260905T152303Z.log,/home/evan/workload-results/tpcc-20260905T152303Z.hist.json
